timestamp,date,open,high,low,close,volume
1574812800,2019-11-27 00:00:00,146.0,157.4,125.03,154.41,400642.014
1575072000,2019-11-30 00:00:00,154.4,155.15,145.5,148.59,1160616.644
1575331200,2019-12-03 00:00:00,148.59,152.22,142.96,148.04,1621515.302
1575590400,2019-12-06 00:00:00,148.08,156.25,145.66,150.41,834441.397
1575849600,2019-12-09 00:00:00,150.41,151.15,142.02,143.35,757956.046
1576022400,2019-12-11 00:00:00,142.83,142.87,142.74,142.76,158.649
1576108800,2019-12-12 00:00:00,143.36,145.8,139.05,141.77,742182.682
1576368000,2019-12-15 00:00:00,141.77,144.0,119.1,121.87,1397801.533
1576627200,2019-12-18 00:00:00,121.9,134.75,115.95,128.13,1997759.424
1576886400,2019-12-21 00:00:00,128.13,135.09,126.01,127.73,1350960.695
1577145600,2019-12-24 00:00:00,127.75,132.44,123.0,125.53,1536194.948
1577404800,2019-12-27 00:00:00,125.53,138.25,122.0,134.28,1808233.054
1577664000,2019-12-30 00:00:00,134.22,136.21,128.15,130.62,1805973.112
1577923200,2020-01-02 00:00:00,130.63,135.8,125.78,134.14,1984484.629
1578182400,2020-01-05 00:00:00,134.14,145.25,134.12,142.86,2728156.358
1578441600,2020-01-08 00:00:00,142.86,147.94,135.22,144.8,3073376.228
1578700800,2020-01-11 00:00:00,144.8,148.03,141.71,143.58,2021075.787
1578960000,2020-01-14 00:00:00,143.57,172.18,143.49,164.37,4345758.167
1579219200,2020-01-17 00:00:00,164.39,179.57,161.81,167.04,2508523.524
1579478400,2020-01-20 00:00:00,167.04,171.61,161.5,168.19,1076000.042
1579737600,2020-01-23 00:00:00,168.24,168.38,155.72,160.52,1236456.199
1579996800,2020-01-26 00:00:00,160.5,176.7,159.5,175.88,1269511.114
1580256000,2020-01-29 00:00:00,175.89,187.4,171.07,180.14,1727912.262
1580515200,2020-02-01 00:00:00,180.14,195.45,179.0,189.92,2086085.355
1580774400,2020-02-04 00:00:00,189.89,216.7,184.71,213.27,2772091.311
1581033600,2020-02-07 00:00:00,213.3,230.9,213.3,228.64,3113741.631
1581292800,2020-02-10 00:00:00,228.71,277.97,217.32,266.24,4593764.949
1581552000,2020-02-13 00:00:00,266.26,289.0,256.2,265.08,5759379.608
1581811200,2020-02-16 00:00:00,265.16,286.48,237.86,282.96,6311638.676
1582070400,2020-02-19 00:00:00,282.96,286.7,245.91,265.44,4281553.981
1582329600,2020-02-22 00:00:00,265.45,277.26,256.23,265.7,3177054.421
1582588800,2020-02-25 00:00:00,265.69,266.4,210.01,227.92,6667732.793
1582848000,2020-02-28 00:00:00,227.93,234.93,212.33,218.01,5111385.959
1583107200,2020-03-02 00:00:00,218.01,234.5,216.24,224.47,4176046.559
1583366400,2020-03-05 00:00:00,224.43,251.8,224.43,237.34,4087545.221
1583625600,2020-03-08 00:00:00,237.36,237.38,190.02,200.95,9043575.852
1583884800,2020-03-11 00:00:00,200.9,323.0,84.23,134.13,15826350.919
1584144000,2020-03-14 00:00:00,134.1,134.67,100.11,111.06,7269603.564
1584403200,2020-03-17 00:00:00,111.04,143.34,109.34,136.42,5736009.467
1584662400,2020-03-20 00:00:00,136.42,152.68,116.67,122.25,6786546.006
1584921600,2020-03-23 00:00:00,122.27,143.44,119.0,136.1,5144391.869
1585180800,2020-03-26 00:00:00,136.11,141.44,124.52,130.95,3429466.675
1585440000,2020-03-29 00:00:00,130.97,135.13,123.74,132.61,2932698.076
1585699200,2020-04-01 00:00:00,132.6,149.97,128.27,141.23,4145926.23
1585958400,2020-04-04 00:00:00,141.2,171.99,138.79,171.15,4605188.35
1586217600,2020-04-07 00:00:00,171.15,176.16,162.13,169.46,6213095.67
1586476800,2020-04-10 00:00:00,169.48,170.1,152.0,158.72,4798573.356
1586736000,2020-04-13 00:00:00,158.69,161.83,149.55,152.64,4483592.732
1586995200,2020-04-16 00:00:00,152.64,189.68,148.07,187.48,6574320.771
1587254400,2020-04-19 00:00:00,187.52,188.3,166.6,170.66,7974509.791
1587513600,2020-04-22 00:00:00,170.66,194.4,169.8,187.65,7649521.79
1587772800,2020-04-25 00:00:00,187.67,199.99,185.7,196.37,6748371.676
1588032000,2020-04-28 00:00:00,196.39,227.5,192.28,206.22,10051200.113
1588291200,2020-05-01 00:00:00,206.21,219.84,205.0,209.95,4837298.004
1588550400,2020-05-04 00:00:00,209.94,212.02,195.1,199.06,5997447.426
1588809600,2020-05-07 00:00:00,199.09,216.95,196.14,210.31,5613269.6
1589068800,2020-05-10 00:00:00,210.32,210.36,175.5,189.64,6628405.318
1589328000,2020-05-13 00:00:00,189.64,205.95,187.64,194.71,4644085.627
1589587200,2020-05-16 00:00:00,194.72,217.2,193.2,214.83,3695858.654
1589846400,2020-05-19 00:00:00,214.83,215.99,191.61,198.68,4344767.479
1590105600,2020-05-22 00:00:00,198.69,211.2,195.95,199.7,4043552.942
1590364800,2020-05-25 00:00:00,199.7,208.48,196.68,208.27,2995542.738
1590624000,2020-05-28 00:00:00,208.27,247.85,204.55,243.74,5211504.738
1590883200,2020-05-31 00:00:00,243.73,254.48,220.0,237.73,6231266.579
1591142400,2020-06-03 00:00:00,237.74,248.36,233.3,240.13,4124023.886
1591401600,2020-06-06 00:00:00,240.12,248.05,234.64,246.65,3039631.896
1591660800,2020-06-09 00:00:00,246.64,251.0,225.33,230.48,4159023.172
1591920000,2020-06-12 00:00:00,230.48,239.38,228.3,231.92,2308171.661
1592179200,2020-06-15 00:00:00,231.92,237.5,218.02,233.75,4047950.633
1592438400,2020-06-18 00:00:00,233.73,234.7,225.07,228.85,2288008.53
1592697600,2020-06-21 00:00:00,228.84,247.0,227.06,243.12,2940670.808
1592956800,2020-06-24 00:00:00,243.13,249.41,227.53,229.66,4020273.734
1593216000,2020-06-27 00:00:00,229.65,231.4,213.59,227.95,3385975.459
1593475200,2020-06-30 00:00:00,227.95,232.78,222.76,226.54,3129628.947
1593734400,2020-07-03 00:00:00,226.54,230.77,223.26,227.61,1794922.232
1593993600,2020-07-06 00:00:00,227.61,249.0,226.89,247.14,3816868.051
1594252800,2020-07-09 00:00:00,247.1,247.94,235.73,239.25,2676050.034
1594512000,2020-07-12 00:00:00,239.25,245.56,236.0,240.56,2723751.109
1594771200,2020-07-15 00:00:00,240.57,241.5,229.84,232.72,2134418.167
1595030400,2020-07-18 00:00:00,232.72,239.93,232.35,236.03,1733263.935
1595289600,2020-07-21 00:00:00,236.02,280.48,235.52,275.56,5564501.05
1595548800,2020-07-24 00:00:00,275.5,321.99,268.32,311.41,9483773.43
1595808000,2020-07-27 00:00:00,311.36,335.0,306.02,318.12,9764358.263
1596067200,2020-07-30 00:00:00,318.12,394.8,314.06,387.24,9030485.53
1596326400,2020-08-02 00:00:00,387.25,418.49,302.0,390.1,12043533.357
1596585600,2020-08-05 00:00:00,390.02,407.88,361.27,379.63,6613307.435
1596844800,2020-08-08 00:00:00,379.62,400.73,376.11,395.83,4350590.237
1597104000,2020-08-11 00:00:00,395.83,432.25,366.05,425.34,7371359.349
1597363200,2020-08-14 00:00:00,425.27,445.66,413.01,434.19,6264168.747
1597622400,2020-08-17 00:00:00,434.19,449.0,393.28,407.65,6271513.906
1597881600,2020-08-20 00:00:00,407.63,419.48,380.0,395.44,4227790.022
1598140800,2020-08-23 00:00:00,395.44,410.7,370.14,383.11,4611352.981
1598400000,2020-08-26 00:00:00,383.07,398.8,371.31,395.14,4437194.018
1598659200,2020-08-29 00:00:00,395.16,439.49,391.81,434.03,4074506.044
1598918400,2020-09-01 00:00:00,434.03,489.32,371.0,381.62,12375185.874
1599177600,2020-09-04 00:00:00,381.52,400.63,307.36,352.69,13280819.297
1599436800,2020-09-07 00:00:00,352.62,359.0,323.02,350.65,8009895.54
1599696000,2020-09-10 00:00:00,350.58,388.36,349.66,387.65,6165023.005
1599955200,2020-09-13 00:00:00,387.58,390.45,353.12,364.06,6574891.613
1600214400,2020-09-16 00:00:00,364.0,394.07,354.75,384.44,6221092.083
1600473600,2020-09-19 00:00:00,384.43,388.71,330.66,340.19,5563511.873
1600732800,2020-09-22 00:00:00,340.19,353.09,312.36,348.77,7332892.177
1600992000,2020-09-25 00:00:00,348.73,362.22,337.5,357.4,5005703.826
1601251200,2020-09-28 00:00:00,357.29,368.45,350.07,359.71,4455264.587
1601510400,2020-10-01 00:00:00,359.71,370.44,334.01,345.72,4904399.486
1601769600,2020-10-04 00:00:00,345.69,356.51,336.44,340.65,3658372.649
1602028800,2020-10-07 00:00:00,340.66,368.3,332.22,365.04,4116779.997
1602288000,2020-10-10 00:00:00,365.03,395.43,364.71,386.73,4582523.249
1602547200,2020-10-13 00:00:00,386.72,388.15,369.5,377.63,4835529.405
1602806400,2020-10-16 00:00:00,377.63,379.92,360.53,378.29,3381395.052
1603065600,2020-10-19 00:00:00,378.28,402.8,364.9,390.96,6314177.905
1603324800,2020-10-22 00:00:00,390.95,421.9,390.57,412.34,6453005.209
1603584000,2020-10-25 00:00:00,412.34,417.89,382.18,403.6,6534154.624
1603843200,2020-10-28 00:00:00,403.59,409.65,373.03,382.4,6927918.607
1604102400,2020-10-31 00:00:00,382.49,405.0,377.71,383.16,5403254.229
1604361600,2020-11-03 00:00:00,383.16,423.79,370.0,417.14,9787040.548
1604620800,2020-11-06 00:00:00,417.13,469.74,414.81,454.75,12591898.577
1604880000,2020-11-09 00:00:00,454.74,476.89,433.76,463.35,9632160.066
1605139200,2020-11-12 00:00:00,463.34,479.0,451.09,461.0,8397488.0
1605398400,2020-11-15 00:00:00,461.02,485.93,440.1,482.49,8087666.573
1605657600,2020-11-18 00:00:00,482.56,514.52,455.0,510.37,12233062.884
1605916800,2020-11-21 00:00:00,510.43,611.88,502.8,609.12,19905903.365
1606176000,2020-11-24 00:00:00,609.12,624.65,480.12,520.25,19676451.933
1606435200,2020-11-27 00:00:00,520.2,577.0,493.8,576.38,9281341.868
1606694400,2020-11-30 00:00:00,576.38,638.66,558.0,596.96,15355961.743
1606953600,2020-12-03 00:00:00,596.96,624.7,561.06,596.97,8150764.443
1607212800,2020-12-06 00:00:00,596.98,607.93,548.0,555.17,6929967.808
1607472000,2020-12-09 00:00:00,555.08,578.62,531.0,544.74,8683338.676
1607731200,2020-12-12 00:00:00,544.8,595.47,543.34,586.33,5884534.658
1607990400,2020-12-15 00:00:00,586.32,678.2,579.0,643.12,12125002.26
1608249600,2020-12-18 00:00:00,643.09,671.95,620.93,638.27,8389656.332
1608508800,2020-12-21 00:00:00,638.25,648.88,546.81,585.34,11502169.936
1608768000,2020-12-24 00:00:00,585.49,654.32,565.2,637.9,8900404.61
1609027200,2020-12-27 00:00:00,637.89,749.5,625.0,733.45,16079296.199
1609286400,2020-12-30 00:00:00,733.45,760.76,714.55,729.77,8177930.945
1609545600,2021-01-02 00:00:00,729.7,1173.94,715.6,1043.11,25844437.45
1609804800,2021-01-05 00:00:00,1043.12,1297.15,974.23,1227.12,20286749.656
1610064000,2021-01-08 00:00:00,1227.5,1354.66,1064.6,1257.96,17065537.638
1610323200,2021-01-11 00:00:00,1257.95,1264.5,915.2,1130.4,20798264.023
1610582400,2021-01-14 00:00:00,1130.4,1296.79,1070.0,1230.19,13081183.233
1610841600,2021-01-17 00:00:00,1230.32,1444.05,1165.0,1367.51,12248167.86
1611100800,2021-01-20 00:00:00,1367.38,1411.38,1041.13,1234.55,18139704.094
1611360000,2021-01-23 00:00:00,1234.54,1481.46,1197.0,1318.61,11827080.129
1611619200,2021-01-26 00:00:00,1318.53,1379.5,1206.0,1329.86,13609168.147
1611878400,2021-01-29 00:00:00,1330.28,1443.0,1281.96,1313.12,9466199.381
1612137600,2021-02-01 00:00:00,1313.09,1672.76,1270.0,1666.0,11788301.958
1612396800,2021-02-04 00:00:00,1666.1,1767.19,1557.0,1679.34,11476046.546
1612656000,2021-02-07 00:00:00,1679.38,1830.47,1490.48,1770.79,11336280.304
1612915200,2021-02-10 00:00:00,1770.99,1872.86,1680.0,1843.08,8349719.113
1613174400,2021-02-13 00:00:00,1843.08,1878.88,1652.0,1781.34,7393822.598
1613433600,2021-02-16 00:00:00,1781.34,1955.0,1726.01,1941.26,7325037.106
1613692800,2021-02-19 00:00:00,1941.12,2048.0,1792.0,1934.75,7256924.388
1613952000,2021-02-22 00:00:00,1934.59,1938.5,1348.17,1623.98,15655601.416
1614211200,2021-02-25 00:00:00,1623.94,1672.49,1401.01,1458.65,9366730.611
1614470400,2021-02-28 00:00:00,1458.64,1604.85,1292.8,1486.28,9722231.28
1614729600,2021-03-03 00:00:00,1486.24,1664.0,1441.57,1529.88,9194322.884
1614988800,2021-03-06 00:00:00,1529.75,1844.57,1515.16,1834.3,8911216.453
1615248000,2021-03-09 00:00:00,1834.47,1882.59,1725.96,1829.0,8934879.566
1615507200,2021-03-12 00:00:00,1828.96,1948.75,1719.92,1850.54,7761611.209
1615766400,2021-03-15 00:00:00,1850.5,1896.3,1712.0,1825.77,7962484.606
1616025600,2021-03-18 00:00:00,1825.94,1873.84,1733.09,1807.35,5157055.551
1616284800,2021-03-21 00:00:00,1807.43,1818.61,1652.58,1669.33,5507466.817
1616544000,2021-03-24 00:00:00,1669.33,1742.43,1540.22,1699.13,6741953.827
1616803200,2021-03-27 00:00:00,1699.21,1845.0,1662.54,1818.44,4516127.993
1617062400,2021-03-30 00:00:00,1818.43,1989.11,1771.85,1969.74,6631937.842
1617321600,2021-04-02 00:00:00,1969.75,2150.0,1949.94,2077.73,7372808.214
1617580800,2021-04-05 00:00:00,2077.85,2161.02,1930.1,1965.4,7389513.05
1617840000,2021-04-08 00:00:00,1965.4,2211.94,1950.0,2135.96,4968572.969
1618099200,2021-04-11 00:00:00,2135.99,2324.0,2101.96,2303.15,5261711.687
1618358400,2021-04-14 00:00:00,2303.15,2553.0,2286.04,2427.29,9477217.475
1618617600,2021-04-17 00:00:00,2427.29,2499.26,1900.0,2162.75,9362246.461
1618876800,2021-04-20 00:00:00,2162.76,2645.63,2052.42,2398.94,13647751.019
1619136000,2021-04-23 00:00:00,2399.2,2443.66,2110.0,2320.71,13748930.879
1619395200,2021-04-26 00:00:00,2320.71,2762.1,2303.42,2748.33,9968344.466
1619654400,2021-04-29 00:00:00,2748.33,2958.91,2668.87,2947.01,7083096.659
1619913600,2021-05-02 00:00:00,2947.0,3529.64,2856.7,3243.67,14138292.7
1620172800,2021-05-05 00:00:00,3243.65,3616.0,3211.0,3480.98,9206714.805
1620432000,2021-05-08 00:00:00,3480.98,4214.92,3451.74,3950.33,11299402.176
1620691200,2021-05-11 00:00:00,3950.32,4379.18,3491.53,3719.45,14174681.167
1620950400,2021-05-14 00:00:00,3719.44,4175.0,3348.0,3581.39,10608714.657
1621209600,2021-05-17 00:00:00,3581.39,3587.0,1400.73,2442.98,19731947.098
1621468800,2021-05-20 00:00:00,2444.02,2990.85,2097.99,2295.15,16703660.448
1621728000,2021-05-23 00:00:00,2295.46,2750.0,1728.85,2706.83,18834408.855
1621987200,2021-05-26 00:00:00,2706.82,2913.0,2324.48,2411.66,12226668.464
1622246400,2021-05-29 00:00:00,2411.65,2721.51,2179.13,2706.33,12314927.843
1622505600,2021-06-01 00:00:00,2706.46,2892.23,2523.82,2858.34,10367996.326
1622764800,2021-06-04 00:00:00,2858.34,2861.53,2540.61,2711.4,10939544.407
1623024000,2021-06-07 00:00:00,2711.3,2849.65,2305.5,2610.2,15871138.075
1623283200,2021-06-10 00:00:00,2610.2,2624.79,2255.42,2370.59,9433156.437
1623542400,2021-06-13 00:00:00,2370.61,2639.99,2307.41,2544.17,8202090.093
1623801600,2021-06-16 00:00:00,2544.28,2557.54,2135.04,2231.68,9304382.257
1624060800,2021-06-19 00:00:00,2231.68,2280.0,1864.36,1884.77,15430721.243
1624320000,2021-06-22 00:00:00,1884.75,2044.35,1698.64,1989.5,14769997.655
1624579200,2021-06-25 00:00:00,1989.5,2020.0,1715.0,1980.83,12998136.982
1624838400,2021-06-28 00:00:00,1981.0,2290.0,1960.31,2275.0,13910031.773
1625097600,2021-07-01 00:00:00,2274.99,2275.68,2016.43,2226.63,11324743.961
1625356800,2021-07-04 00:00:00,2226.71,2390.0,2155.04,2322.04,11894504.041
1625616000,2021-07-07 00:00:00,2321.82,2410.0,2045.0,2147.53,11435035.379
1625875200,2021-07-10 00:00:00,2147.4,2195.0,2003.4,2030.85,7899748.55
1626134400,2021-07-13 00:00:00,2030.78,2048.97,1862.32,1919.35,11808042.904
1626393600,2021-07-16 00:00:00,1919.36,1994.26,1841.0,1890.66,10317010.904
1626652800,2021-07-19 00:00:00,1890.8,2038.0,1715.0,1995.49,13294573.965
1626912000,2021-07-22 00:00:00,1995.5,2198.0,1945.0,2183.53,9877170.993
1627171200,2021-07-25 00:00:00,2183.54,2433.53,2106.12,2298.04,12380399.469
1627430400,2021-07-28 00:00:00,2298.05,2473.99,2242.2,2461.72,9235153.419
1627689600,2021-07-31 00:00:00,2461.52,2699.0,2421.76,2607.09,10325034.054
1627948800,2021-08-03 00:00:00,2607.09,2845.9,2441.0,2826.8,15105063.83
1628208000,2021-08-06 00:00:00,2826.81,3195.67,2720.31,3014.06,13376797.838
1628467200,2021-08-09 00:00:00,3014.06,3279.78,2890.03,3161.52,12256405.228
1628726400,2021-08-12 00:00:00,3161.52,3337.99,2981.0,3266.31,9249975.498
1628985600,2021-08-15 00:00:00,3266.31,3343.0,2992.0,3014.64,9270053.082
1629244800,2021-08-18 00:00:00,3014.63,3308.26,2950.0,3286.62,7933067.079
1629504000,2021-08-21 00:00:00,3286.65,3383.0,3124.35,3323.01,6042148.689
1629763200,2021-08-24 00:00:00,3323.0,3362.0,3052.0,3093.77,7286969.585
1630022400,2021-08-27 00:00:00,3093.81,3291.7,3061.44,3225.47,4994701.51
1630281600,2021-08-30 00:00:00,3225.47,3849.0,3142.38,3831.44,9481115.287
1630540800,2021-09-02 00:00:00,3831.42,4036.44,3710.77,3889.71,6150014.448
1630800000,2021-09-05 00:00:00,3889.95,3991.25,2923.0,3435.0,7902830.371
1631059200,2021-09-08 00:00:00,3435.0,3570.34,3143.2,3209.84,7266956.077
1631318400,2021-09-11 00:00:00,3209.85,3474.95,3107.02,3284.41,5586813.756
1631577600,2021-09-14 00:00:00,3284.17,3678.0,3269.25,3570.46,5068677.089
1631836800,2021-09-17 00:00:00,3570.46,3597.52,3275.0,3328.72,4467183.141
1632096000,2021-09-20 00:00:00,3328.99,3347.99,2647.8,3076.62,10856969.545
1632355200,2021-09-23 00:00:00,3076.62,3173.99,2731.0,2921.08,7906938.832
1632614400,2021-09-26 00:00:00,2921.08,3163.9,2737.19,2803.5,7160619.349
1632873600,2021-09-29 00:00:00,2803.34,3331.56,2780.0,3308.58,6429621.938
1633132800,2021-10-02 00:00:00,3308.59,3489.22,3257.05,3386.12,4863112.581
1633392000,2021-10-05 00:00:00,3386.12,3659.98,3339.67,3589.85,5420006.678
1633651200,2021-10-08 00:00:00,3589.85,3675.41,3402.12,3415.01,3928624.442
1633910400,2021-10-11 00:00:00,3415.01,3629.0,3368.0,3610.05,5496831.846
1634169600,2021-10-14 00:00:00,3610.24,3980.0,3590.02,3833.3,4963047.494
1634428800,2021-10-17 00:00:00,3833.29,3925.95,3634.32,3881.48,5149073.476
1634688000,2021-10-20 00:00:00,3881.49,4389.6,3830.0,3975.56,8199275.142
1634947200,2021-10-23 00:00:00,3975.55,4240.03,3940.6,4224.14,4385358.35
1635206400,2021-10-26 00:00:00,4224.13,4319.0,3887.75,4288.96,6541733.048
1635465600,2021-10-29 00:00:00,4288.91,4467.89,4161.0,4288.86,4316919.602
1635724800,2021-11-01 00:00:00,4288.87,4676.0,4145.0,4606.59,4494561.217
1635984000,2021-11-04 00:00:00,4606.59,4611.23,4325.91,4521.4,3232170.683
1636243200,2021-11-07 00:00:00,4521.7,4844.97,4505.41,4734.98,3198810.043
1636502400,2021-11-10 00:00:00,4734.99,4877.54,4450.0,4665.99,4665857.277
1636761600,2021-11-13 00:00:00,4665.99,4771.83,4515.84,4567.01,3111003.172
1637020800,2021-11-16 00:00:00,4567.01,4567.07,3957.96,3997.72,6880811.937
1637280000,2021-11-19 00:00:00,3997.72,4436.01,3973.14,4259.23,3654508.65
1637539200,2021-11-22 00:00:00,4259.28,4387.0,4019.35,4271.29,4893855.457
1637798400,2021-11-25 00:00:00,4271.29,4558.29,3911.0,4095.33,4912714.796
1638057600,2021-11-28 00:00:00,4095.33,4757.8,3958.58,4631.51,5519615.805
1638316800,2021-12-01 00:00:00,4631.43,4783.19,4004.0,4213.66,6277068.975
1638576000,2021-12-04 00:00:00,4213.67,4377.58,3388.15,4345.2,8042639.513
1638835200,2021-12-07 00:00:00,4345.44,4490.97,4075.0,4103.8,4737602.537
1639094400,2021-12-10 00:00:00,4103.8,4232.0,3831.01,4129.0,4897491.634
1639353600,2021-12-13 00:00:00,4129.16,4142.0,3639.39,4019.01,6386113.391
1639612800,2021-12-16 00:00:00,4019.01,4118.47,3694.2,3957.64,5022617.568
1639872000,2021-12-19 00:00:00,3957.65,4063.0,3750.0,4014.38,4390286.925
1640131200,2021-12-22 00:00:00,4014.38,4153.71,3888.87,4045.0,3689625.022
1640390400,2021-12-25 00:00:00,4045.19,4138.47,4002.0,4037.36,2495223.988
1640649600,2021-12-28 00:00:00,4037.35,4037.36,3580.0,3708.37,4017261.981
1640908800,2021-12-31 00:00:00,3708.45,3860.0,3621.32,3826.21,2839639.397
1641168000,2022-01-03 00:00:00,3826.1,3893.19,3405.0,3537.71,4067641.991
1641427200,2022-01-06 00:00:00,3537.81,3549.11,2996.45,3080.03,6555601.855
1641686400,2022-01-09 00:00:00,3079.86,3262.66,2924.78,3236.86,5086647.103
1641945600,2022-01-12 00:00:00,3236.86,3411.0,3181.2,3305.6,4119521.98
1642204800,2022-01-15 00:00:00,3305.61,3394.62,3139.37,3208.61,3184100.868
1642464000,2022-01-18 00:00:00,3208.6,3272.24,2985.0,2999.92,5138681.197
1642723200,2022-01-21 00:00:00,2999.92,3031.9,2293.56,2538.41,11551648.1
1642982400,2022-01-24 00:00:00,2538.4,2720.06,2151.0,2461.61,10391145.152
1643241600,2022-01-27 00:00:00,2461.62,2658.41,2314.33,2599.94,6623799.785
1643500800,2022-01-30 00:00:00,2599.93,2812.94,2475.33,2786.38,5496812.308
1643760000,2022-02-02 00:00:00,2786.37,2995.0,2572.64,2993.65,7480483.546
1644019200,2022-02-05 00:00:00,2993.64,3185.99,2948.0,3138.55,4629513.312
1644278400,2022-02-08 00:00:00,3138.55,3282.96,3023.28,3070.9,6366284.322
1644537600,2022-02-11 00:00:00,3070.89,3136.55,2830.31,2870.32,5480196.657
1644796800,2022-02-14 00:00:00,2870.33,3198.0,2829.8,3121.8,5405498.978
1645056000,2022-02-17 00:00:00,3121.8,3158.68,2691.0,2761.89,6341889.743
1645315200,2022-02-20 00:00:00,2761.9,2762.89,2495.0,2635.57,9423663.159
1645574400,2022-02-23 00:00:00,2635.57,2835.0,2298.72,2766.36,11868804.502
1645833600,2022-02-26 00:00:00,2766.42,2966.0,2553.68,2920.1,8207003.006
1646092800,2022-03-01 00:00:00,2920.05,3046.46,2781.77,2832.97,7599644.527
1646352000,2022-03-04 00:00:00,2832.98,2835.9,2529.0,2549.37,4911629.111
1646611200,2022-03-07 00:00:00,2549.36,2773.17,2431.62,2726.37,7409295.726
1646870400,2022-03-10 00:00:00,2726.37,2733.37,2520.5,2567.64,4918221.532
1647129600,2022-03-13 00:00:00,2567.63,2668.8,2490.25,2617.29,4864575.099
1647388800,2022-03-16 00:00:00,2617.29,2984.72,2602.06,2938.02,6072350.195
1647648000,2022-03-19 00:00:00,2938.03,2992.0,2817.49,2889.08,4262162.524
1647907200,2022-03-22 00:00:00,2889.07,3129.75,2885.49,3109.89,5660283.952
1648166400,2022-03-25 00:00:00,3109.89,3299.33,3075.0,3295.01,4010873.885
1648425600,2022-03-28 00:00:00,3295.01,3480.0,3274.3,3385.1,5221461.924
1648684800,2022-03-31 00:00:00,3385.09,3533.0,3210.06,3443.07,5577653.233
1648944000,2022-04-03 00:00:00,3443.06,3580.0,3388.97,3405.04,4572531.116
1649203200,2022-04-06 00:00:00,3405.03,3406.08,3140.33,3191.26,6333172.908
1649462400,2022-04-09 00:00:00,3191.27,3307.21,2945.08,2978.69,4475991.341
1649721600,2022-04-12 00:00:00,2978.69,3148.0,2948.19,3019.82,5022129.624
1649980800,2022-04-15 00:00:00,3019.82,3090.0,2980.6,2986.03,2651042.919
1650240000,2022-04-18 00:00:00,2986.02,3173.89,2875.87,3074.01,4403838.214
1650499200,2022-04-21 00:00:00,3073.96,3180.0,2904.36,2930.28,3894359.927
1650758400,2022-04-24 00:00:00,2930.28,3043.0,2761.27,2807.88,5170970.957
1651017600,2022-04-27 00:00:00,2807.89,2979.76,2776.0,2815.37,5487436.01
1651276800,2022-04-30 00:00:00,2815.38,2882.15,2711.65,2855.16,3931915.272
1651536000,2022-05-03 00:00:00,2855.15,2965.0,2684.84,2746.37,5061857.17
1651795200,2022-05-06 00:00:00,2746.36,2757.28,2480.0,2518.9,4879739.881
1652054400,2022-05-09 00:00:00,2519.03,2530.88,2002.0,2083.98,14437703.945
1652313600,2022-05-12 00:00:00,2083.98,2193.7,1775.43,2055.0,10151431.835
1652572800,2022-05-15 00:00:00,2054.99,2174.32,1976.0,2090.0,6224617.656
1652832000,2022-05-18 00:00:00,2090.0,2110.89,1901.7,1958.69,7520748.134
1653091200,2022-05-21 00:00:00,1958.69,2088.6,1935.52,1972.45,4935021.421
1653350400,2022-05-24 00:00:00,1972.45,2022.74,1725.0,1791.02,8633884.213
1653609600,2022-05-27 00:00:00,1790.99,1829.0,1694.97,1812.45,8457500.544
1653868800,2022-05-30 00:00:00,1812.46,2016.77,1758.52,1817.1,9418357.773
1654128000,2022-06-02 00:00:00,1817.16,1852.99,1733.01,1803.71,6073547.85
1654387200,2022-06-05 00:00:00,1803.7,1919.33,1722.0,1812.61,8437216.695
1654646400,2022-06-08 00:00:00,1812.62,1840.13,1650.0,1661.95,8077322.926
1654905600,2022-06-11 00:00:00,1661.95,1680.97,1162.0,1209.04,28328697.19
1655164800,2022-06-14 00:00:00,1209.03,1268.9,1012.42,1067.77,36741103.806
1655424000,2022-06-17 00:00:00,1067.77,1162.98,878.04,1127.88,28376673.994
1655683200,2022-06-20 00:00:00,1127.88,1194.0,1042.0,1049.4,21805896.736
1655942400,2022-06-23 00:00:00,1049.41,1258.0,1044.16,1241.6,16535722.057
1656201600,2022-06-26 00:00:00,1241.6,1280.0,1135.65,1143.5,15025765.582
1656460800,2022-06-29 00:00:00,1143.51,1156.76,995.0,1059.24,22154364.277
1656720000,2022-07-02 00:00:00,1059.16,1160.68,1026.16,1150.23,13654744.92
1656979200,2022-07-05 00:00:00,1150.23,1254.82,1075.0,1236.92,18994659.594
1657238400,2022-07-08 00:00:00,1236.91,1277.0,1152.0,1167.81,12864050.191
1657497600,2022-07-11 00:00:00,1167.81,1170.97,1005.0,1114.19,18667774.4
1657756800,2022-07-14 00:00:00,1114.18,1440.57,1070.57,1355.37,23459043.117
1658016000,2022-07-17 00:00:00,1355.38,1640.0,1316.0,1541.39,25766556.753
1658275200,2022-07-20 00:00:00,1541.4,1646.3,1462.3,1534.53,22237555.272
1658534400,2022-07-23 00:00:00,1534.53,1664.9,1433.2,1440.4,19647199.271
1658793600,2022-07-26 00:00:00,1440.4,1784.5,1355.0,1723.82,26421617.508
1659052800,2022-07-29 00:00:00,1723.83,1766.3,1656.0,1677.63,17557504.693
1659312000,2022-08-01 00:00:00,1677.63,1704.32,1557.8,1617.37,19442177.168
1659571200,2022-08-04 00:00:00,1617.37,1751.0,1580.0,1689.85,17506094.787
1659830400,2022-08-07 00:00:00,1689.84,1819.78,1666.05,1702.04,16090045.11
1660089600,2022-08-10 00:00:00,1702.04,1964.46,1655.0,1957.4,22625092.575
1660348800,2022-08-13 00:00:00,1957.4,2030.0,1871.0,1898.56,18163530.457
1660608000,2022-08-16 00:00:00,1898.55,1957.7,1818.01,1845.86,19802163.293
1660867200,2022-08-19 00:00:00,1845.86,1847.65,1520.64,1617.17,24343019.164
1661126400,2022-08-22 00:00:00,1617.17,1693.84,1528.0,1655.71,24481666.953
1661385600,2022-08-25 00:00:00,1655.71,1722.0,1443.4,1490.0,25216264.318
1661644800,2022-08-28 00:00:00,1490.0,1605.0,1420.59,1523.48,26973511.838
1661904000,2022-08-31 00:00:00,1523.49,1649.64,1505.0,1574.49,30201542.316
1662163200,2022-09-03 00:00:00,1574.49,1631.6,1532.6,1616.92,13717958.409
1662422400,2022-09-06 00:00:00,1616.93,1686.75,1486.16,1634.22,28282062.073
1662681600,2022-09-09 00:00:00,1634.23,1788.98,1629.25,1765.01,15735618.509
1662940800,2022-09-12 00:00:00,1765.0,1783.43,1548.0,1635.39,22665445.767
1663200000,2022-09-15 00:00:00,1635.4,1657.8,1403.0,1467.96,25209608.611
1663459200,2022-09-18 00:00:00,1467.96,1469.0,1276.62,1322.08,25268526.573
1663718400,2022-09-21 00:00:00,1322.09,1420.0,1218.0,1326.62,31968406.542
1663977600,2022-09-24 00:00:00,1326.62,1348.84,1268.19,1335.25,17547571.491
1664236800,2022-09-27 00:00:00,1335.25,1400.0,1250.0,1334.8,29268345.92
1664496000,2022-09-30 00:00:00,1334.8,1373.34,1266.66,1275.96,15414375.642
1664755200,2022-10-03 00:00:00,1275.95,1370.0,1260.48,1351.61,16791613.992
1665014400,2022-10-06 00:00:00,1351.6,1383.29,1302.0,1314.74,14403811.976
1665273600,2022-10-09 00:00:00,1314.75,1337.93,1265.0,1279.68,12785995.589
1665532800,2022-10-12 00:00:00,1279.67,1343.36,1176.0,1295.35,22100433.594
1665792000,2022-10-15 00:00:00,1295.34,1338.16,1262.12,1330.62,11487381.856
1666051200,2022-10-18 00:00:00,1330.62,1342.0,1270.0,1282.2,16190472.213
1666310400,2022-10-21 00:00:00,1282.19,1371.0,1248.0,1363.44,12199559.113
1666569600,2022-10-24 00:00:00,1363.43,1595.0,1322.25,1565.45,27793187.073
1666828800,2022-10-27 00:00:00,1565.45,1665.0,1475.0,1618.82,22906217.159
1667088000,2022-10-30 00:00:00,1618.82,1639.87,1543.72,1577.88,15564437.58
1667347200,2022-11-02 00:00:00,1577.88,1679.4,1501.0,1644.09,22551259.174
1667606400,2022-11-05 00:00:00,1644.08,1666.8,1544.94,1567.52,13129944.92
1667865600,2022-11-08 00:00:00,1567.52,1580.54,1071.14,1298.21,59101563.896
1668124800,2022-11-11 00:00:00,1298.3,1309.88,1199.57,1220.78,21052683.695
1668384000,2022-11-14 00:00:00,1220.78,1292.0,1170.5,1215.78,22047539.269
1668643200,2022-11-17 00:00:00,1215.72,1235.0,1181.0,1216.91,11814491.668
1668902400,2022-11-20 00:00:00,1216.9,1226.5,1071.52,1139.11,22448860.163
1669161600,2022-11-23 00:00:00,1139.11,1216.71,1127.01,1198.55,16098983.759
1669420800,2022-11-26 00:00:00,1198.55,1238.0,1150.25,1167.21,12453011.827
1669680000,2022-11-29 00:00:00,1167.2,1312.99,1156.06,1275.7,17646506.145
1669939200,2022-12-02 00:00:00,1275.7,1312.0,1235.17,1278.82,11847748.226
1670198400,2022-12-05 00:00:00,1278.82,1304.98,1217.02,1230.83,14094549.017
1670457600,2022-12-08 00:00:00,1230.78,1297.63,1221.0,1265.88,12033220.192
1670716800,2022-12-11 00:00:00,1265.87,1350.0,1238.5,1321.06,13905954.742
1670976000,2022-12-14 00:00:00,1321.05,1354.4,1154.7,1166.2,17065185.968
1671235200,2022-12-17 00:00:00,1166.19,1196.0,1148.0,1167.21,10508567.143
1671494400,2022-12-20 00:00:00,1167.21,1239.99,1162.5,1217.39,13122761.275
1671753600,2022-12-23 00:00:00,1217.38,1234.25,1187.54,1217.96,6988046.053
1672012800,2022-12-26 00:00:00,1217.97,1233.97,1177.5,1189.93,9127723.041
1672272000,2022-12-29 00:00:00,1189.94,1209.0,1180.0,1196.1,7580235.524
1672531200,2023-01-01 00:00:00,1196.1,1225.0,1190.8,1214.23,6631749.819
1672790400,2023-01-04 00:00:00,1214.22,1277.77,1212.16,1268.54,12148849.557
1673049600,2023-01-07 00:00:00,1268.54,1345.0,1256.3,1320.32,9928616.222
1673308800,2023-01-10 00:00:00,1320.32,1439.36,1316.74,1415.84,16529380.246
1673568000,2023-01-13 00:00:00,1415.85,1644.92,1400.7,1553.47,16096856.128
1673827200,2023-01-16 00:00:00,1553.48,1614.6,1501.21,1511.66,16908220.038
1674086400,2023-01-19 00:00:00,1511.6,1682.44,1509.87,1627.63,13629318.398
1674345600,2023-01-22 00:00:00,1627.63,1666.0,1530.0,1555.99,12303017.57
1674604800,2023-01-25 00:00:00,1556.0,1641.18,1512.3,1597.08,14588915.91
1674864000,2023-01-28 00:00:00,1597.08,1663.68,1529.04,1565.92,12610399.786
1675123200,2023-01-31 00:00:00,1565.93,1717.0,1554.57,1643.81,14797255.454
1675382400,2023-02-03 00:00:00,1643.82,1696.99,1608.0,1628.98,10921940.254
1675641600,2023-02-06 00:00:00,1628.98,1699.0,1602.0,1650.26,12575742.339
1675900800,2023-02-09 00:00:00,1650.26,1656.2,1486.28,1537.65,13613478.78
1676160000,2023-02-12 00:00:00,1537.64,1568.98,1460.0,1554.94,15103104.841
1676419200,2023-02-15 00:00:00,1554.94,1744.5,1541.77,1694.12,19734611.503
1676678400,2023-02-18 00:00:00,1694.1,1729.58,1650.0,1703.7,9996883.721
1676937600,2023-02-21 00:00:00,1703.71,1716.99,1591.17,1649.69,15862097.58
1677196800,2023-02-24 00:00:00,1649.68,1664.44,1556.08,1640.49,10472495.863
1677456000,2023-02-27 00:00:00,1640.51,1670.0,1593.03,1664.46,12314874.371
1677715200,2023-03-02 00:00:00,1664.47,1677.74,1534.85,1566.05,11016877.804
1677974400,2023-03-05 00:00:00,1566.05,1588.08,1524.0,1561.29,9403897.746
1678233600,2023-03-08 00:00:00,1561.3,1570.0,1367.51,1425.79,20482612.639
1678492800,2023-03-11 00:00:00,1425.8,1700.0,1407.48,1673.9,23403345.92
1678752000,2023-03-14 00:00:00,1673.91,1779.05,1611.63,1672.56,21254428.039
1679011200,2023-03-17 00:00:00,1672.57,1846.15,1661.57,1779.99,16795926.233
1679270400,2023-03-20 00:00:00,1779.98,1836.0,1709.0,1733.61,17027231.173
1679529600,2023-03-23 00:00:00,1733.61,1860.0,1712.02,1741.02,12449543.477
1679788800,2023-03-26 00:00:00,1741.02,1800.0,1684.0,1772.09,11363456.335
1680048000,2023-03-29 00:00:00,1772.11,1848.0,1760.84,1820.81,11847542.057
1680307200,2023-04-01 00:00:00,1820.81,1842.8,1761.25,1809.68,8386617.666
1680566400,2023-04-04 00:00:00,1809.68,1945.0,1800.69,1871.33,11510392.575
1680825600,2023-04-07 00:00:00,1871.34,1881.94,1820.31,1857.84,5919270.056
1681084800,2023-04-10 00:00:00,1857.84,1938.0,1845.04,1916.86,11396105.437
1681344000,2023-04-13 00:00:00,1916.86,2137.64,1898.01,2091.2,15473319.84
1681603200,2023-04-16 00:00:00,2091.2,2146.1,2047.64,2103.29,9858125.297
1681862400,2023-04-19 00:00:00,2103.29,2104.61,1822.01,1848.0,15719037.93
1682121600,2023-04-22 00:00:00,1848.01,1891.3,1806.0,1841.19,9496142.656
1682380800,2023-04-25 00:00:00,1841.19,1964.7,1782.03,1907.67,16981337.176
1682640000,2023-04-28 00:00:00,1907.68,1940.0,1863.9,1868.41,7714079.391
1682899200,2023-05-01 00:00:00,1868.41,1917.29,1805.28,1904.74,10950430.228
1683158400,2023-05-04 00:00:00,1904.74,2023.66,1850.0,1895.29,12573947.175
1683417600,2023-05-07 00:00:00,1895.3,1933.0,1810.0,1845.8,10613626.927
1683676800,2023-05-10 00:00:00,1845.8,1887.0,1735.37,1806.53,13183310.866
1683936000,2023-05-13 00:00:00,1806.53,1848.0,1783.51,1815.56,6922173.072
1684195200,2023-05-16 00:00:00,1815.56,1837.85,1770.0,1799.69,8764628.174
1684454400,2023-05-19 00:00:00,1799.69,1830.0,1794.45,1803.89,4571821.128
1684713600,2023-05-22 00:00:00,1803.9,1874.23,1775.0,1798.84,8813608.021
1684972800,2023-05-25 00:00:00,1798.84,1837.93,1758.0,1828.85,6263335.095
1685232000,2023-05-28 00:00:00,1828.85,1930.0,1822.31,1899.81,7590879.627
1685491200,2023-05-31 00:00:00,1899.81,1911.0,1837.94,1905.58,7909034.32
1685750400,2023-06-03 00:00:00,1905.59,1914.53,1775.0,1810.03,7085325.605
1686009600,2023-06-06 00:00:00,1810.03,1898.0,1796.0,1844.94,9870503.928
1686268800,2023-06-09 00:00:00,1844.93,1854.77,1712.08,1751.8,9512520.665
1686528000,2023-06-12 00:00:00,1751.8,1766.53,1625.5,1650.18,9557186.42
1686787200,2023-06-15 00:00:00,1650.19,1775.0,1625.56,1727.2,8546185.347
1687046400,2023-06-18 00:00:00,1727.19,1796.84,1689.29,1791.37,7696622.738
1687305600,2023-06-21 00:00:00,1791.37,1938.48,1786.56,1892.2,11874621.682
1687564800,2023-06-24 00:00:00,1892.2,1929.96,1836.0,1858.14,7944892.165
1687824000,2023-06-27 00:00:00,1858.14,1912.65,1811.89,1851.19,8162064.685
1688083200,2023-06-30 00:00:00,1851.18,1964.0,1820.0,1937.69,10147800.752
1688342400,2023-07-03 00:00:00,1937.69,1978.0,1892.9,1909.88,6988006.887
1688601600,2023-07-06 00:00:00,1909.88,1957.94,1823.74,1864.45,7514646.995
1688860800,2023-07-09 00:00:00,1864.45,1904.96,1845.09,1877.66,5464168.199
1689120000,2023-07-12 00:00:00,1877.66,2031.28,1861.59,1936.74,11790566.637
1689379200,2023-07-15 00:00:00,1936.74,1945.89,1872.0,1910.37,4933408.769
1689638400,2023-07-18 00:00:00,1910.37,1928.81,1875.0,1890.56,6717375.038
1689897600,2023-07-21 00:00:00,1890.56,1905.97,1835.39,1887.86,4116194.121
1690156800,2023-07-24 00:00:00,1887.85,1890.2,1829.0,1870.98,5380712.158
1690416000,2023-07-27 00:00:00,1870.97,1886.19,1854.0,1879.85,3720832.662
1690675200,2023-07-30 00:00:00,1879.86,1885.0,1808.47,1873.05,5664572.846
1690934400,2023-08-02 00:00:00,1873.06,1879.27,1808.77,1829.4,6055985.723
1691193600,2023-08-05 00:00:00,1829.4,1846.86,1800.0,1828.18,3688775.753
1691452800,2023-08-08 00:00:00,1828.18,1878.0,1825.35,1851.42,4894920.387
1691712000,2023-08-11 00:00:00,1851.43,1861.93,1833.4,1840.09,2371565.732
1691971200,2023-08-14 00:00:00,1840.09,1855.86,1810.92,1824.82,2807742.1
1692144000,2023-08-16 00:00:00,1823.95,1828.86,1492.66,1660.76,10110031.033
1692403200,2023-08-19 00:00:00,1660.76,1696.14,1647.22,1666.79,4257410.573
1692662400,2023-08-22 00:00:00,1666.8,1703.85,1575.0,1660.22,7178496.576
1692921600,2023-08-25 00:00:00,1660.23,1676.73,1634.43,1657.59,2999703.676
1693180800,2023-08-28 00:00:00,1657.59,1747.15,1618.0,1704.39,6690993.356
1693440000,2023-08-31 00:00:00,1704.39,1730.0,1601.22,1636.24,5333075.403
1693699200,2023-09-03 00:00:00,1636.24,1648.24,1608.45,1633.63,3371150.092
1693958400,2023-09-06 00:00:00,1633.63,1680.0,1606.74,1635.78,4885912.949
1694217600,2023-09-09 00:00:00,1635.77,1636.92,1528.61,1551.03,5217146.414
1694476800,2023-09-12 00:00:00,1551.02,1644.45,1548.7,1625.65,6975287.144
1694736000,2023-09-15 00:00:00,1625.65,1653.91,1610.0,1621.62,3151841.845
1694995200,2023-09-18 00:00:00,1621.63,1668.64,1598.58,1621.6,6019366.188
1695254400,2023-09-21 00:00:00,1621.6,1624.81,1565.5,1592.97,3683841.904
1695513600,2023-09-24 00:00:00,1592.97,1600.95,1562.0,1593.3,3695191.583
1695772800,2023-09-27 00:00:00,1593.3,1687.65,1582.64,1666.61,7134860.511
1696032000,2023-09-30 00:00:00,1666.61,1780.0,1619.99,1661.49,5966385.863
1696291200,2023-10-03 00:00:00,1661.49,1669.94,1601.28,1611.23,5263910.048
1696550400,2023-10-06 00:00:00,1611.24,1664.6,1610.59,1632.02,3961753.161
1696809600,2023-10-09 00:00:00,1632.03,1635.81,1541.78,1566.07,7408820.039
1697068800,2023-10-12 00:00:00,1566.08,1575.53,1514.5,1554.15,4886398.853
1697328000,2023-10-15 00:00:00,1554.15,1642.0,1541.0,1563.99,6335583.08
1697587200,2023-10-18 00:00:00,1564.0,1630.01,1539.0,1603.14,6228226.298
1697846400,2023-10-21 00:00:00,1603.15,1803.0,1591.25,1766.35,8593661.431
1698105600,2023-10-24 00:00:00,1766.35,1872.64,1755.28,1803.3,11900902.88
1698364800,2023-10-27 00:00:00,1803.31,1813.1,1735.5,1795.49,4829768.153
1698624000,2023-10-30 00:00:00,1795.48,1861.63,1776.94,1848.2,8087352.765
1698883200,2023-11-02 00:00:00,1848.2,1876.26,1775.36,1856.08,6556148.643
1699142400,2023-11-05 00:00:00,1856.08,1916.8,1846.21,1885.79,8156773.692
1699401600,2023-11-08 00:00:00,1885.79,2139.6,1873.13,2079.1,13419076.87
1699660800,2023-11-11 00:00:00,2079.1,2120.0,2011.5,2055.18,8210952.603
1699920000,2023-11-14 00:00:00,2055.18,2093.0,1920.0,1962.13,11196989.005
1700179200,2023-11-17 00:00:00,1962.14,2016.45,1903.81,2012.46,6597809.249
1700438400,2023-11-20 00:00:00,2012.45,2093.78,1928.74,2063.91,10911636.919
1700697600,2023-11-23 00:00:00,2063.92,2135.0,2033.5,2082.87,6360710.836
1700956800,2023-11-26 00:00:00,2082.87,2094.96,1985.0,2048.2,7762532.971
1701216000,2023-11-29 00:00:00,2048.21,2111.5,2018.56,2086.99,6701937.219
1701475200,2023-12-02 00:00:00,2086.99,2276.84,2085.63,2243.66,8625627.623
1701734400,2023-12-05 00:00:00,2243.67,2387.2,2186.0,2357.04,10648964.647
1701993600,2023-12-08 00:00:00,2357.05,2407.63,2323.0,2353.97,6624025.297
1702252800,2023-12-11 00:00:00,2353.99,2356.73,2114.63,2261.44,10977913.004
1702512000,2023-12-14 00:00:00,2261.45,2333.29,2195.28,2229.64,7514024.779
1702771200,2023-12-17 00:00:00,2229.63,2256.64,2116.56,2179.02,7915353.753
1703030400,2023-12-20 00:00:00,2179.01,2345.95,2156.0,2326.53,10529522.94
1703289600,2023-12-23 00:00:00,2326.54,2332.75,2241.2,2273.07,5822396.239
1703548800,2023-12-26 00:00:00,2273.08,2455.52,2178.84,2345.96,10548592.666
1703808000,2023-12-29 00:00:00,2345.98,2388.74,2254.72,2283.85,7348426.507
1704067200,2024-01-01 00:00:00,2283.84,2434.49,2067.16,2210.39,10031656.826
1704326400,2024-01-04 00:00:00,2210.39,2295.55,2202.1,2240.36,6354852.967
1704585600,2024-01-07 00:00:00,2240.36,2377.36,2165.43,2344.44,9459247.146
1704844800,2024-01-10 00:00:00,2344.33,2719.89,2336.28,2523.3,19387319.581
1705104000,2024-01-13 00:00:00,2523.3,2591.29,2470.0,2512.21,6454055.314
1705363200,2024-01-16 00:00:00,2512.2,2613.8,2428.22,2471.29,7684909.006
1705622400,2024-01-19 00:00:00,2471.29,2505.16,2415.55,2457.02,4241662.306
1705881600,2024-01-22 00:00:00,2457.02,2466.46,2167.5,2234.62,10280347.155
1706140800,2024-01-25 00:00:00,2234.62,2283.35,2169.04,2266.99,5289270.212
1706400000,2024-01-28 00:00:00,2267.0,2392.84,2232.0,2341.95,5939866.383
1706659200,2024-01-31 00:00:00,2341.96,2351.23,2237.0,2307.99,6016362.642
1706918400,2024-02-03 00:00:00,2308.0,2338.0,2261.51,2300.83,3821317.292
1707177600,2024-02-06 00:00:00,2300.83,2463.28,2297.74,2418.76,6262089.635
1707436800,2024-02-09 00:00:00,2418.77,2539.2,2418.26,2506.1,5750550.843
1707696000,2024-02-12 00:00:00,2506.11,2788.88,2470.05,2776.14,9337991.454
1707955200,2024-02-15 00:00:00,2776.14,2870.98,2718.35,2787.43,7958152.371
1708214400,2024-02-18 00:00:00,2787.44,3036.83,2764.8,3017.21,9603030.872
1708473600,2024-02-21 00:00:00,3017.22,3044.0,2867.87,2923.35,10623827.501
1708732800,2024-02-24 00:00:00,2923.36,3200.0,2907.16,3178.6,8234435.301
1708992000,2024-02-27 00:00:00,3178.6,3531.0,3152.94,3343.15,14743498.001
1709251200,2024-03-01 00:00:00,3343.16,3454.19,3342.18,3449.45,1219495.043
